    {
        "visible": false,
        "type": "Model",
        "lastEdited": 1662410609244065,
        "position": {
            "x": -0.6266708374023438,
            "y": 0.9060897827148438,
            "z": 0.5032258033752441
        },
        "queryAACube": {
            "x": 8.883856773376465,
            "y": -25.828712463378906,
            "z": 121.48577117919922,
            "scale": 1.1500637531280518
        },
        "grab": {
            "grabbable": false,
            "equippableLeftRotation": {
                "x": -0.0000152587890625,
                "y": -0.0000152587890625,
                "z": -0.0000152587890625,
                "w": 1
            },
            "equippableRightRotation": {
                "x": -0.0000152587890625,
                "y": -0.0000152587890625,
                "z": -0.0000152587890625,
                "w": 1
            }
        },
        "damping": 0,
        "angularDamping": 0,
        "blendshapeCoefficients": "{\n}\n",
        "useOriginalPivot": true,
        "clientOnly": false,
        "avatarEntity": false,
        "localEntity": false,
        "faceCamera": false,
        "isFacingAvatar": false
    }